<addon id="repository.fmovies5"
       name="FMovies5 Repo"
       version="1.0.0"
       provider-name="Luciano Armani">

    <extension point="xbmc.addon.repository"
               name="FMovies5 Repo">
        <info compressed="false">https://yourdomain.com/addons.xml</info>
        <checksum>https://yourdomain.com/addons.xml.md5</checksum>
        <datadir>https://yourdomain.com/zips/</datadir>
    </extension>

    <extension point="xbmc.addon.metadata">
        <summary>Luciano's Private Kodi Repo</summary>
        <description>Contains custom FMovies5 plugin</description>
        <platform>all</platform>
    </extension>
</addon>
